
Date,"Flight number",From,To,"Dep time","Arr time",Duration,Airline,Aircraft,Registration,"Seat number","Seat type","Flight class","Flight reason",Note,Dep_id,Arr_id,Airline_id,Aircraft_id
2009-05-01,CA982,"New York / John F Kennedy (JFK/KJFK)","Beijing / Peking-Capital (PEK/ZBAA)",16:50:00,18:40:00,13:50:00,"Air China (CA/CCA)","Boeing 747-400 (B744)",B-2445,,1,1,1,"Trip to China 2009",1328,2292,172,237
2009-09-04,CA981,"Beijing / Peking-Capital (PEK/ZBAA)","New York / John F Kennedy (JFK/KJFK)",13:00:00,14:30:00,13:30:00,"Air China (CA/CCA)","Boeing 747-400 (B744)",,,1,1,1,,2292,1328,172,237
2011-11-24,DL1885,"New York / La Guardia (LGA/KLGA)","Orlando / Orlando (MCO/KMCO)",13:15:00,15:39:00,02:24:00,"Delta Air Lines (DL/DAL)","McDonnell Douglas MD-88 (MD88)",N916DE,,1,1,1,"Orlando Trip 2011",1605,1768,223,1189
2011-11-29,DL2076,"Orlando / Orlando (MCO/KMCO)","New York / La Guardia (LGA/KLGA)",11:51:00,14:15:00,02:24:00,"Delta Air Lines (DL/DAL)","Airbus A320-200 (A320)",N333NW,,2,1,1,,1768,1605,223,2059
2013-06-20,NH9,"New York / John F Kennedy (JFK/KJFK)","Tokyo / Narita (NRT/RJAA)",11:45:00,15:00:00,14:15:00,"All Nippon Airways (NH/ANA)","Boeing 777-300ER (B77W)",JA785A,33K,1,1,1,"Trip to Japan/China 2013",1328,2105,64,2023
2013-06-21,NH921,"Tokyo / Narita (NRT/RJAA)","Shanghai / Pudong (PVG/ZSPD)",18:50:00,21:30:00,03:40:00,"All Nippon Airways (NH/ANA)","Boeing 777-200ER (B77E)",,17K,1,1,1,,2105,3653,64,2024
2013-08-29,NH956,"Beijing / Peking-Capital (PEK/ZBAA)","Tokyo / Narita (NRT/RJAA)",10:25:00,15:00:00,03:35:00,"All Nippon Airways (NH/ANA)","Boeing 767-300ER (B763)",JA619A,,1,1,1,,2292,2105,64,2078
2013-08-29,NH1010,"Tokyo / Narita (NRT/RJAA)","New York / John F Kennedy (JFK/KJFK)",16:40:00,17:37:00,13:57:00,"All Nippon Airways (NH/ANA)","Boeing 777-300ER (B77W)",JA785A,,1,1,1,,2105,1328,64,2023
2015-03-14,DL971,"New York / La Guardia (LGA/KLGA)","Atlanta / Hartsfield-Jackson (ATL/KATL)",19:00:00,20:59:00,01:59:00,"Delta Air Lines (DL/DAL)","Airbus A319-100 (A319)",N343NB,,1,1,1,"Huntsville Trip 2015",1605,179,223,2073
2015-03-20,DL1381,"Huntsville / Huntsville (HSV/KHSV)","Atlanta / Hartsfield-Jackson (ATL/KATL)",17:49:00,19:31:00,00:42:00,"Delta Air Lines (DL/DAL)","Boeing 717-200 (B712)",N899AT,17D,2,1,1,,4527,179,223,220
2015-03-20,DL2386,"Atlanta / Hartsfield-Jackson (ATL/KATL)","New York / La Guardia (LGA/KLGA)",21:55:00,23:41:00,01:46:00,"Delta Air Lines (DL/DAL)","Airbus A320-200 (A320)",N355NW,23E,2,1,1,,179,1605,223,2059
2015-06-07,UA1034,"New York / La Guardia (LGA/KLGA)","Houston / George Bush Intercontinental (IAH/KIAH)",09:50:00,12:10:00,03:20:00,"United Airlines (UA/UAL)","Boeing 737-800 (B738)",N87513,27E,2,1,1,"Houston Trip 2015",1605,1204,808,231
2015-06-20,UA693,"Houston / George Bush Intercontinental (IAH/KIAH)","New York / La Guardia (LGA/KLGA)",14:15:00,18:34:00,03:19:00,"United Airlines (UA/UAL)","Airbus A320-200 (A320)",N472UA,38F,1,1,1,,1204,1605,808,2059
2015-12-23,UA112,"Newark / Liberty International (EWR/KEWR)","San Francisco / San Francisco International (SFO/KSFO)",15:20:00,17:57:00,05:37:00,"United Airlines (UA/UAL)","Boeing 757-200 (B752)",N13110,36F,1,1,1,"San Francisco Trip 2015-2016",851,2644,808,241
2016-01-01,UA994,"San Francisco / San Francisco International (SFO/KSFO)","Newark / Liberty International (EWR/KEWR)",10:00:00,18:37:00,05:37:00,"United Airlines (UA/UAL)","Boeing 757-200 (B752)",N19141,30A,1,1,1,,2644,851,808,241
2016-08-03,AY6,"New York / John F Kennedy (JFK/KJFK)","Helsinki / Vantaa (HEL/EFHK)",17:40:00,08:52:00,08:12:00,"Finnair (AY/FIN)","Airbus A330-300 (A333)",OH-LTU,,1,1,1,"Scandinavia/China trip 2016",1328,1110,304,31
2016-08-12,AY51,"Helsinki / Vantaa (HEL/EFHK)","Beijing / Peking-Capital (PEK/ZBAA)",18:05:00,07:24:00,08:19:00,"Finnair (AY/FIN)","Airbus A350-900 (A359)",OH-LWE,42L,1,1,1,,1110,2292,304,2110
2016-08-13,CA1363,"Beijing / Peking-Capital (PEK/ZBAA)","Changsha / Huanghua (CSX/ZGHA)",12:43:00,14:54:00,02:11:00,"Air China (CA/CCA)","Airbus A330-300 (A333)",B-5913,,1,1,1,,2292,624,172,31
2016-08-17,CA1344,"Changsha / Huanghua (CSX/ZGHA)","Beijing / Peking-Capital (PEK/ZBAA)",09:35:00,11:46:00,02:11:00,"Air China (CA/CCA)","Airbus A321-200 (A321)",B-6363,,1,1,1,,624,2292,172,2076
2016-08-24,AY52,"Beijing / Peking-Capital (PEK/ZBAA)","Helsinki / Vantaa (HEL/EFHK)",10:55:00,14:15:00,08:20:00,"Finnair (AY/FIN)","Airbus A350-900 (A359)",OH-LWE,,1,1,1,,2292,1110,304,2110
2016-08-26,AY5,"Helsinki / Vantaa (HEL/EFHK)","New York / John F Kennedy (JFK/KJFK)",14:10:00,15:52:00,08:42:00,"Finnair (AY/FIN)","Airbus A330-300 (A333)",OH-LTU,,2,1,1,,1110,1328,304,31
2017-06-15,B615,"New York / John F Kennedy (JFK/KJFK)","San Francisco / San Francisco International (SFO/KSFO)",07:05:00,09:44:00,05:39:00,"JetBlue Airways (B6/JBU)","Airbus A321-200 (A321)",N968JT,6F,1,4,4,"School Trip to San Francisco 2017",1328,2644,410,2076
2017-06-20,B6916,"San Francisco / San Francisco International (SFO/KSFO)","New York / John F Kennedy (JFK/KJFK)",21:35:00,06:14:00,05:39:00,"JetBlue Airways (B6/JBU)","Airbus A321-200 (A321)",N943JT,11C,3,1,4,,2644,1328,410,2076
2017-07-08,DL1539,"New York / La Guardia (LGA/KLGA)","Atlanta / Hartsfield-Jackson (ATL/KATL)",09:59:00,12:35:00,02:36:00,"Delta Air Lines (DL/DAL)","Boeing 737-900ER (B739)",N846DN,14F,1,1,2,"2017 Summer Internship",1605,179,223,2069
2017-07-08,DL5451,"Atlanta / Hartsfield-Jackson (ATL/KATL)","Gainesville / Gainesville Regl (GNV/KGNV)",15:55:00,17:00:00,01:05:00,"ExpressJet Airlines (XE/ASQ)","Bombardier CRJ-200 (CRJ2)",N871AS,5A,1,1,2,,179,1018,1087,529
2017-07-17,DL3290,"Gainesville / Gainesville Regl (GNV/KGNV)","Atlanta / Hartsfield-Jackson (ATL/KATL)",07:10:00,08:16:00,01:06:00,"Endeavor Air (9E/EDV)","Bombardier CRJ-200 (CRJ2)",N8972E,3D,1,1,2,,1018,179,1851,529
2017-07-17,DL1172,"Atlanta / Hartsfield-Jackson (ATL/KATL)","Los Angeles / Los Angeles International (LAX/KLAX)",09:55:00,11:18:00,04:23:00,"Delta Air Lines (DL/DAL)","Boeing 777-200LR (B77L)",N703DN,40J,1,1,2,,179,1559,223,2022
2017-07-17,DL4836,"Los Angeles / Los Angeles International (LAX/KLAX)","Tucson / Tucson (TUS/KTUS)",14:20:00,15:44:00,01:24:00,"SkyWest Airlines (OO/SKW)","Bombardier CRJ-700 (CRJ7)",N770SK,10A,1,1,2,,1559,3047,709,530
2017-07-27,DL1240,"Tucson / Tucson (TUS/KTUS)","Atlanta / Hartsfield-Jackson (ATL/KATL)",12:45:00,19:18:00,03:33:00,"Delta Air Lines (DL/DAL)","McDonnell Douglas MD-90 (MD90)",N906DA,31A,1,1,2,,3047,179,223,1190
2017-08-24,DL5347,"Gainesville / Gainesville Regl (GNV/KGNV)","Atlanta / Hartsfield-Jackson (ATL/KATL)",06:00:00,07:05:00,01:05:00,"ExpressJet Airlines (XE/ASQ)","Bombardier CRJ-900 (CRJ9)",N153PQ,9D,1,4,2,,1018,179,1087,531
2017-08-24,DL202,"Atlanta / Hartsfield-Jackson (ATL/KATL)","New York / John F Kennedy (JFK/KJFK)",12:43:00,14:44:00,02:01:00,"Delta Air Lines (DL/DAL)","Boeing 737-900ER (B739)",N872DN,10A,1,4,2,,179,1328,223,2069
2017-07-27,DL5319,"Atlanta / Hartsfield-Jackson (ATL/KATL)","Gainesville / Gainesville Regl (GNV/KGNV)",23:04:00,23:58:00,00:54:00,"ExpressJet Airlines (XE/ASQ)","Bombardier CRJ-900 (CRJ9)",N132EV,9A,1,4,2,,179,1018,1087,531
2015-03-14,DL1075,"Atlanta / Hartsfield-Jackson (ATL/KATL)","Huntsville / Huntsville (HSV/KHSV)",21:26:00,21:16:00,00:50:00,"Delta Air Lines (DL/DAL)","Boeing 717-200 (B712)",N986AT,13A,1,4,1,,179,4527,223,220
2017-12-24,UA602,"Newark / Liberty International (EWR/KEWR)","Salt Lake City / Salt Lake City (SLC/KSLC)",08:20:00,12:12:00,05:52:00,"United Airlines (UA/UAL)","Boeing 737-800 (B738)",N76269,22A,1,1,1,"Salt Lake City Skiing Trip 2017",851,2706,808,231
2017-12-31,UA2391,"Salt Lake City / Salt Lake City (SLC/KSLC)","Newark / Liberty International (EWR/KEWR)",13:10:00,19:05:00,03:55:00,"United Airlines (UA/UAL)","Boeing 737-900ER (B739)",N39416,14F,1,1,1,,2706,851,808,2069
2018-02-18,UA977,"Newark / Liberty International (EWR/KEWR)","Chicago / O'Hare (ORD/KORD)",07:45:00,09:16:00,02:31:00,"United Airlines (UA/UAL)","Boeing 777-200ER (B77E)",N799UA,35K,1,1,1,"Chicago Trip 2018",851,2205,808,2024
2018-02-20,UA1611,"Chicago / O'Hare (ORD/KORD)","Newark / Liberty International (EWR/KEWR)",14:30:00,17:44:00,02:14:00,"United Airlines (UA/UAL)","Boeing 777-200ER (B77E)",N216UA,39K,1,1,1,,2205,851,808,2024
2018-04-27,UA623,"Newark / Liberty International (EWR/KEWR)","Raleigh-Durham / Durham (RDU/KRDU)",22:02:00,23:28:00,01:26:00,"United Airlines (UA/UAL)","Boeing 737-900ER (B739)",N66848,14F,1,1,1,"Duke University Tour 2018",851,2495,808,2069
2018-04-29,UA1849,"Raleigh-Durham / Durham (RDU/KRDU)","Newark / Liberty International (EWR/KEWR)",06:55:00,08:41:00,01:46:00,"United Airlines (UA/UAL)","Boeing 737-700 (B737)",N17730,26A,1,1,1,,2495,851,808,230
2018-05-13,DL5876,"New York / La Guardia (LGA/KLGA)","Pittsburgh / Pittsburgh (PIT/KPIT)",09:28:00,10:50:00,01:22:00,"Republic Airlines (YX/RPA)","Embraer ERJ-170 (E170)",N869RW,14D,1,1,2,"Intel ISEF 2018",1605,2321,1152,654
2018-05-18,DL5549,"Pittsburgh / Pittsburgh (PIT/KPIT)","New York / La Guardia (LGA/KLGA)",17:37:00,19:02:00,01:25:00,"ExpressJet Airlines (XE/ASQ)","Bombardier CRJ-700 (CRJ7)",N724EV,11A,1,1,2,"Intel ISEF 2018",2321,1605,1087,530
2018-08-15,CX841,"New York / John F Kennedy (JFK/KJFK)","Hong Kong / Hong Kong International (HKG/VHHH)",10:29:00,13:35:00,15:06:00,"Cathay Pacific (CX/CPA)","Boeing 777-300ER (B77W)",B-KPP,44A,1,1,1,"Hong Kong/China trip Aug 2018",1328,1135,199,2023
2018-08-26,CX830,"Hong Kong / Hong Kong International (HKG/VHHH)","New York / John F Kennedy (JFK/KJFK)",09:25:00,13:10:00,15:45:00,"Cathay Pacific (CX/CPA)","Boeing 777-300ER (B77W)",B-KPD,45K,1,1,1,"Hong Kong Trip 2018",1135,1328,199,2023
2018-10-18,UA1616,"Newark / Liberty International (EWR/KEWR)","Jacksonville / Jacksonville (JAX/KJAX)",23:22:00,01:16:00,01:54:00,"United Airlines (UA/UAL)","Boeing 737-700 (B737)",N14731,7A,1,4,2,"TEDxJacksonville 2018",851,1319,808,230
2018-10-21,UA2147,"Jacksonville / Jacksonville (JAX/KJAX)","Newark / Liberty International (EWR/KEWR)",15:00:00,17:06:00,02:06:00,"United Airlines (UA/UAL)","Airbus A319-100 (A319)",N807UA,8A,1,4,2,"TEDxJacksonville 2018",1319,851,808,2073
2019-05-12,AA2369,"New York / John F Kennedy (JFK/KJFK)","Phoenix / Sky Harbor (PHX/KPHX)",11:16:00,13:11:00,04:55:00,"American Airlines (AA/AAL)","Boeing 737-800 (B738)",N962AN,20A,1,1,2,"Intel ISEF 2019!",1328,2315,4,231
2019-05-17,AA1280,"Phoenix / Sky Harbor (PHX/KPHX)","New York / John F Kennedy (JFK/KJFK)",22:35:00,05:48:00,04:13:00,"American Airlines (AA/AAL)","Airbus A321-200 (A321)",N173US,24B,2,1,2,"Intel ISEF 2019",2315,1328,4,2076
2019-06-06,UA583,"Newark / Liberty International (EWR/KEWR)","San Francisco / San Francisco International (SFO/KSFO)",15:13:00,17:50:00,05:37:00,"United Airlines (UA/UAL)","Boeing 787-10 (B78X)",N91007,47A,1,1,1,"San Francisco/Los Angeles trip 2019",851,2644,808,2138
2019-06-10,UA229,"San Francisco / San Francisco International (SFO/KSFO)","Los Angeles / Los Angeles International (LAX/KLAX)",17:08:00,18:14:00,01:06:00,"United Airlines (UA/UAL)","Boeing 737-800 (B738)",N33286,32A,1,1,1,"San Francisco/Los Angeles trip 2019",2644,1559,808,231
2019-06-15,UA2418,"Los Angeles / Los Angeles International (LAX/KLAX)","Newark / Liberty International (EWR/KEWR)",08:50:00,17:15:00,05:25:00,"United Airlines (UA/UAL)","Boeing 787-10 (B78X)",N12003,22L,1,4,1,"San Francisco/Los Angeles trip 2019",1559,851,808,2138
2021-01-24,UA285,"Newark / Liberty International (EWR/KEWR)","San Francisco / San Francisco International (SFO/KSFO)",08:59:00,11:47:00,05:48:00,"United Airlines (UA/UAL)","Boeing 777-200ER (B77E)",N795UA,22A,1,4,2,"Stanford Freshman Year - Winter Quarter!",851,2644,808,2024
2021-03-20,UA2244,"San Francisco / San Francisco International (SFO/KSFO)","Newark / Liberty International (EWR/KEWR)",08:34:00,16:48:00,05:14:00,"United Airlines (UA/UAL)","Boeing 767-300ER (B763)",N677UA,23A,1,4,2,"Spring Break 2021",2644,851,808,2078
2021-03-28,UA302,"Newark / Liberty International (EWR/KEWR)","San Francisco / San Francisco International (SFO/KSFO)",09:05:00,12:19:00,06:14:00,"United Airlines (UA/UAL)","Boeing 777-300ER (B77W)",N2639U,56A,1,1,2,"Spring Quarter 2020-2021",851,2644,808,2023
2021-06-05,UA520,"San Francisco / San Francisco International (SFO/KSFO)","New York / John F Kennedy (JFK/KJFK)",09:25:00,17:32:00,05:07:00,"United Airlines (UA/UAL)","Boeing 767-300ER (B763)",N667UA,23A,1,4,2,"Freshman Year of College - return home",2644,1328,808,2078
2021-06-06,UA966,"Newark / Liberty International (EWR/KEWR)","Keflavik / Keflavik (KEF/BIKF)",21:45:00,06:53:00,05:08:00,"United Airlines (UA/UAL)","Boeing 757-200 (B752)",N17133,27F,1,1,1,"Iceland Trip 2021",851,1400,808,241
2021-06-13,UA967,"Keflavik / Keflavik (KEF/BIKF)","Newark / Liberty International (EWR/KEWR)",11:35:00,12:49:00,05:14:00,"United Airlines (UA/UAL)","Boeing 757-200 (B752)",N12109,36A,1,1,1,"Iceland Trip 2021",1400,851,808,241
2021-09-17,UA1991,"Newark / Liberty International (EWR/KEWR)","San Francisco / San Francisco International (SFO/KSFO)",10:45:00,13:02:00,05:17:00,"United Airlines (UA/UAL)","Boeing 777-200ER (B77E)",N78001,22L,1,4,2,"Sophomore Year Stanford",851,2644,808,2024
2021-10-31,UA1400,"San Francisco / San Francisco International (SFO/KSFO)","Chicago / O'Hare (ORD/KORD)",08:27:00,14:23:00,03:56:00,"United Airlines (UA/UAL)","Boeing 757-300 (B753)",N77865,15F,1,1,2,"Romulus/EquipmentShare Offsite (TKF Capital Launch)",2644,2205,808,242
2021-10-31,UA4480,"Chicago / O'Hare (ORD/KORD)","St Louis / St Louis (STL/KSTL)",18:08:00,19:30:00,01:17:00,"GoJet Airlines (G7/GJS)","Bombardier CRJ-550 (CRJ7)",N579GJ,12A,1,1,2,"Romulus/EquipmentShare Offsite (Takeoff Capital Launch)",2205,2783,1518,2161
2021-11-02,UA3774,"Columbia / Columbia Regl (COU/KCOU)","Chicago / O'Hare (ORD/KORD)",12:23:00,13:40:00,01:17:00,"Air Wisconsin (ZW/AWI)","Bombardier CRJ-200 (CRJ2)",N410AW,6A,1,1,2,"Romulus Capital (Takeoff Capital)/EquipmentShare Offsite",602,2205,98,529
2021-11-02,UA305,"Chicago / O'Hare (ORD/KORD)","San Francisco / San Francisco International (SFO/KSFO)",15:33:00,17:54:00,04:21:00,"United Airlines (UA/UAL)","Boeing 777-200ER (B77E)",N78017,41L,1,1,2,"Romulus Capital (Takeoff Capital)/EquipmentShare Offsite",2205,2644,808,2024
2021-11-21,UA2304,"San Francisco / San Francisco International (SFO/KSFO)","Newark / Liberty International (EWR/KEWR)",08:31:00,17:01:00,05:30:00,"United Airlines (UA/UAL)","Boeing 787-10 (B78X)",N12012,44A,1,1,1,"Thanksgiving Break 2021",2644,851,808,2138
2021-11-28,UA310,"Newark / Liberty International (EWR/KEWR)","San Francisco / San Francisco International (SFO/KSFO)",08:38:00,11:16:00,05:38:00,"United Airlines (UA/UAL)","Boeing 777-300ER (B77W)",N2644U,20K,3,4,1,"Thanksgiving Break 2021",851,2644,808,2023
2021-12-11,UA2304,"San Francisco / San Francisco International (SFO/KSFO)","Newark / Liberty International (EWR/KEWR)",08:34:00,16:37:00,05:03:00,"United Airlines (UA/UAL)","Boeing 787-10 (B78X)",N91007,55K,2,1,1,"Winter Break 2021-2022",2644,851,808,2138
2022-01-18,UA1586,"Newark / Liberty International (EWR/KEWR)","San Francisco / San Francisco International (SFO/KSFO)",17:18:00,19:50:00,05:32:00,"United Airlines (UA/UAL)","Boeing 777-200ER (B77E)",N77022,21L,1,4,2,"Stanford Winter Quarter 2022",851,2644,808,2024
2022-03-17,UA2030,"San Francisco / San Francisco International (SFO/KSFO)","Newark / Liberty International (EWR/KEWR)",10:31:00,18:54:00,05:23:00,"United Airlines (UA/UAL)","Boeing 777-300ER (B77W)",N2749U,34L,1,4,1,"Spring Break 2022",2644,851,808,2023
2022-03-27,UA1991,"Newark / Liberty International (EWR/KEWR)","San Francisco / San Francisco International (SFO/KSFO)",10:25:00,13:13:00,05:48:00,"United Airlines (UA/UAL)","Boeing 777-300ER (B77W)",N2243U,22L,1,4,2,"Spring Quarter 2021-2022",851,2644,808,2023
2022-04-20,UA2482,"San Francisco / San Francisco International (SFO/KSFO)","Fort Lauderdale / Hollywood (FLL/KFLL)",23:58:00,08:20:00,05:22:00,"United Airlines (UA/UAL)","Boeing 737 MAX 9 (B39M)",N37502,21C,3,4,2,"Miami Tech Week 2022",2644,892,808,2124
2022-04-23,UA1102,"Fort Lauderdale / Hollywood (FLL/KFLL)","San Francisco / San Francisco International (SFO/KSFO)",08:32:00,11:53:00,06:21:00,"United Airlines (UA/UAL)","Boeing 737 MAX 9 (B39M)",N37525,10A,1,4,2,"Miami Tech Week 2022",892,2644,808,2124
2022-05-04,UA522,"San Francisco / San Francisco International (SFO/KSFO)","New York / John F Kennedy (JFK/KJFK)",20:24:00,04:40:00,05:16:00,"United Airlines (UA/UAL)","Boeing 757-200 (B752)",N34131,8F,1,4,1,"Family Trip May 2022",2644,1328,808,241
2022-05-09,UA504,"Newark / Liberty International (EWR/KEWR)","San Francisco / San Francisco International (SFO/KSFO)",18:40:00,22:03:00,06:23:00,"United Airlines (UA/UAL)","Boeing 787-9 (B789)",N27965,32A,1,4,1,"Mother's Day Trip 2022",851,2644,808,2088
2022-05-16,UA2247,"San Francisco / San Francisco International (SFO/KSFO)","Washington / Dulles (IAD/KIAD)",22:43:00,06:43:00,05:00:00,"United Airlines (UA/UAL)","Boeing 737-900ER (B739)",N66828,21D,3,4,2,"Applied Intuition Nexus 22",2644,1202,808,2069
2022-05-17,UA2618,"Washington / Dulles (IAD/KIAD)","San Francisco / San Francisco International (SFO/KSFO)",22:34:00,01:16:00,05:42:00,"United Airlines (UA/UAL)","Boeing 737-900ER (B739)",N65832,14E,2,1,2,"Applied Intuition Nexus22 Conference",1202,2644,808,2069
2022-06-18,UA2097,"San Francisco / San Francisco International (SFO/KSFO)","Newark / Liberty International (EWR/KEWR)",20:59:00,05:12:00,05:13:00,"United Airlines (UA/UAL)","Boeing 777-200ER (B77E)",N787UA,9L,1,2,1,"End of Sophomore Year @ Stanford",2644,851,808,2024
2022-09-15,UA1257,"Newark / Liberty International (EWR/KEWR)","San Francisco / San Francisco International (SFO/KSFO)",20:27:00,23:31:00,06:04:00,"United Airlines (UA/UAL)","Boeing 777-200ER (B77E)",N77022,22L,1,4,1,"Start of 2022-2023 Academic Year at Stanford",851,2644,808,2024
2022-09-16,UA948,"San Francisco / San Francisco International (SFO/KSFO)","London / Heathrow (LHR/EGLL)",16:15:00,10:18:00,10:03:00,"United Airlines (UA/UAL)","Boeing 777-200ER (B77E)",N76010,44K,1,1,1,"United Kingdom Trip 2022",2644,1618,808,2024
2022-09-24,UA949,"London / Heathrow (LHR/EGLL)","San Francisco / San Francisco International (SFO/KSFO)",12:16:00,15:31:00,11:15:00,"United Airlines (UA/UAL)","Boeing 777-200ER (B77E)",N78004,33J,3,4,1,"2022 United Kingdom Trip",1618,2644,808,2024
2022-10-12,UA2611,"San Francisco / San Francisco International (SFO/KSFO)","Boston / Logan (BOS/KBOS)",20:57:00,05:18:00,05:21:00,"United Airlines (UA/UAL)","Boeing 737-900ER (B739)",N68452,21D,3,4,2,"AI in Healthcare + MIT",2644,380,808,2069
2022-10-15,AS1352,"Boston / Logan (BOS/KBOS)","San Francisco / San Francisco International (SFO/KSFO)",17:52:00,20:50:00,05:58:00,"Alaska Airlines (AS/ASA)","Boeing 737 MAX 9 (B39M)",N928AK,8F,1,4,2,"Boston AI in Healthcare + MIT/Harvard trip 2022",380,2644,79,2124
2022-11-20,AS1022,"San Francisco / San Francisco International (SFO/KSFO)","New York / John F Kennedy (JFK/KJFK)",07:20:00,15:34:00,05:14:00,"Alaska Airlines (AS/ASA)","Airbus A321neo (A21N)",N921VA,18A,1,1,1,"Thanksgiving Break 2022",2644,1328,79,2128
2022-11-27,UA1312,"Newark / Liberty International (EWR/KEWR)","San Francisco / San Francisco International (SFO/KSFO)",08:04:00,10:56:00,05:52:00,"United Airlines (UA/UAL)","Boeing 777-200ER (B77E)",N226UA,20B,3,4,1,"Thanksgiving Break 2022",851,2644,808,2024
2022-12-02,AS119,"San Francisco / San Francisco International (SFO/KSFO)","Seattle / Seattle-Tacoma (SEA/KSEA)",09:53:00,12:16:00,02:23:00,"Alaska Airlines (AS/ASA)","Boeing 737-900ER (B739)",N263AK,29F,1,1,2,"TechStars Space Seattle Hackathon 2022",2644,2627,79,2069
2022-12-05,AS1092,"Seattle / Seattle-Tacoma (SEA/KSEA)","Los Angeles / Los Angeles International (LAX/KLAX)",17:16:00,19:22:00,02:06:00,"Alaska Airlines (AS/ASA)","Airbus A321neo (A21N)",N921VA,30F,1,1,2,"TechCrunch Space Conference 2022",2627,1559,79,2128
2022-12-06,UA1597,"Los Angeles / Los Angeles International (LAX/KLAX)","San Francisco / San Francisco International (SFO/KSFO)",22:29:00,23:50:00,01:21:00,"United Airlines (UA/UAL)","Airbus A320-200 (A320)",N489UA,30F,1,1,2,"TechCrunch Sessions: Space 2022",1559,2644,808,2059
2022-12-16,UA2419,"San Francisco / San Francisco International (SFO/KSFO)","Newark / Liberty International (EWR/KEWR)",11:53:00,20:12:00,05:19:00,"United Airlines (UA/UAL)","Boeing 777-200ER (B77E)",N229UA,41A,1,1,1,"Winter Break 2022",2644,851,808,2024
2022-12-28,TP202,"Newark / Liberty International (EWR/KEWR)","Lisbon / Portela (LIS/LPPT)",18:15:00,05:04:00,05:49:00,"TAP Air Portugal (TP/TAP)","Airbus A321LR (A21N)",CS-TXI,13A,1,1,1,"Portugal + Spain Roadtrip 2022",851,1632,753,2181
2023-01-06,TP203,"Lisbon / Portela (LIS/LPPT)","Newark / Liberty International (EWR/KEWR)",19:18:00,22:18:00,08:00:00,"TAP Air Portugal (TP/TAP)","Airbus A321LR (A21N)",CS-TXG,9A,1,4,1,"2022 Portugal + Spain Road Trip",1632,851,753,2181
2023-01-09,UA1699,"Newark / Liberty International (EWR/KEWR)","San Francisco / San Francisco International (SFO/KSFO)",15:45:00,18:35:00,05:50:00,"United Airlines (UA/UAL)","Boeing 777-300ER (B77W)",N2749U,20L,1,4,1,"Winter Gap Quarter 2023",851,2644,808,2023
2023-01-27,UA1442,"San Francisco / San Francisco International (SFO/KSFO)","Newark / Liberty International (EWR/KEWR)",08:29:00,16:41:00,05:12:00,"United Airlines (UA/UAL)","Boeing 777-300ER (B77W)",N2749U,46A,1,1,1,"Late Lunar New Year Celebration 2023",2644,851,808,2023
2023-01-30,UA1209,"Newark / Liberty International (EWR/KEWR)","San Francisco / San Francisco International (SFO/KSFO)",18:12:00,21:31:00,06:19:00,"United Airlines (UA/UAL)","Boeing 777-300ER (B77W)",N2142U,20A,1,4,1,"Late CNY celebration 2023",851,2644,808,2023
2023-02-24,AS292,"San Francisco / San Francisco International (SFO/KSFO)","Newark / Liberty International (EWR/KEWR)",06:31:00,13:49:00,04:18:00,"Alaska Airlines (AS/ASA)","Boeing 737-900ER (B739)",N263AK,8C,3,4,1,"February 2023 - Home Visit",2644,851,79,2069
2023-02-27,AS295,"Newark / Liberty International (EWR/KEWR)","San Francisco / San Francisco International (SFO/KSFO)",23:20:00,02:33:00,06:13:00,"Alaska Airlines (AS/ASA)","Boeing 737-900ER (B739)",N282AK,31C,3,1,1,"Visiting Family Feb 2023",851,2644,79,2069
2023-04-02,UA8105,"San Francisco / San Francisco International (SFO/KSFO)","Newark / Liberty International (EWR/KEWR)",23:39:00,07:41:00,05:02:00,"United Airlines (UA/UAL)","Boeing 777-200ER (B77E)",N77019,33L,1,4,1,"Late spring break trip between gap quarter and Oxford study abroad (2023)",2644,851,808,2024
2023-04-09,UA2160,"Newark / Liberty International (EWR/KEWR)","San Francisco / San Francisco International (SFO/KSFO)",08:54:00,11:37:00,05:43:00,"United Airlines (UA/UAL)","Boeing 777-200ER (B77E)",N217UA,22L,1,4,2,"Oxford Study Abroad 2023",851,2644,808,2024
2023-04-10,BA286,"San Francisco / San Francisco International (SFO/KSFO)","London / Heathrow (LHR/EGLL)",20:24:00,13:56:00,09:32:00,"British Airways (BA/BAW)","Airbus A380-800 (A388)",G-XLEH,74K,1,1,2,"University of Oxford Study Abroad 2023",2644,1618,113,39
2023-04-14,GR603,"London / Gatwick (LGW/EGKK)","Guernsey / Guernsey (GCI/EGJB)",11:11:00,11:55:00,00:44:00,"Aurigny Air Services (GR/AUR)","ATR 72-600 (AT76)",G-ORAI,17F,1,1,1,"Guernsey Trip (Stanford BOSP Bing Trip)",1614,959,91,2105
2023-04-16,GR608,"Guernsey / Guernsey (GCI/EGJB)","London / Gatwick (LGW/EGKK)",15:41:00,16:35:00,00:54:00,"Aurigny Air Services (GR/AUR)","ATR 72-600 (AT76)",G-ORAI,19C,3,1,1,"Guernsey Trip (Stanford BOSP Bing Trip)",959,1614,91,2105
2023-06-04,FR663,"Birmingham / Birmingham (BHX/EGBB)","Dublin / Dublin (DUB/EIDW)",09:10:00,09:55:00,00:45:00,"Ryanair (FR/RYR)","Boeing 737 MAX 200 (B38M)",EI-HGV,19F,1,1,1,"Ireland Trip 2023",305,757,668,2186
2023-06-06,FR664,"Dublin / Dublin (DUB/EIDW)","Birmingham / Birmingham (BHX/EGBB)",11:31:00,12:14:00,00:43:00,"Ryanair (FR/RYR)","Boeing 737-800 (B738)",EI-DCM,7E,2,1,1,"Dublin Trip 2023",757,305,668,231
2023-06-27,BA287,"London / Heathrow (LHR/EGLL)","San Francisco / San Francisco International (SFO/KSFO)",16:12:00,17:51:00,09:39:00,"British Airways (BA/BAW)","Airbus A380-800 (A388)",G-XLED,74K,1,1,1,"Oxford Study Abroad 2023",1618,2644,113,39
2023-06-29,UA5301,"San Francisco / San Francisco International (SFO/KSFO)","Santa Ana / John Wayne-Orange Co (SNA/KSNA)",09:21:00,10:57:00,01:36:00,"SkyWest Airlines (OO/SKW)","Embraer 175 (E75L)",N139SY,9D,1,4,1,"NYC for July 4th Weekend (changed flight from previous day due to disruptions)",2644,2726,709,2146
2023-06-29,UA1577,"Santa Ana / John Wayne-Orange Co (SNA/KSNA)","Newark / Liberty International (EWR/KEWR)",17:02:00,00:55:00,04:53:00,"United Airlines (UA/UAL)","Boeing 737-700 (B737)",N13720,23F,1,4,1,"NYC July 4th Weekend (faced travel disruption)",2726,851,808,230
2023-07-05,AS373,"Newark / Liberty International (EWR/KEWR)","San Francisco / San Francisco International (SFO/KSFO)",09:32:00,12:00:00,05:28:00,"Alaska Airlines (AS/ASA)","Boeing 737 MAX 9 (B39M)",N976AK,9B,2,4,1,"4th of July Trip 2023",851,2644,79,2124
2023-08-04,AS30,"San Francisco / San Francisco International (SFO/KSFO)","New York / John F Kennedy (JFK/KJFK)",10:49:00,19:02:00,05:13:00,"Alaska Airlines (AS/ASA)","Boeing 737-900ER (B739)",N215AK,13F,1,1,1,"August 2023 NYC Family Visit",2644,1328,79,2069
2023-08-09,UA1312,"Newark / Liberty International (EWR/KEWR)","San Francisco / San Francisco International (SFO/KSFO)",07:55:00,10:49:00,05:54:00,"United Airlines (UA/UAL)","Boeing 777-200ER (B77E)",N787UA,45A,1,1,1,"August Family Visit 2023",851,2644,808,2024
2023-08-11,F92792,"San Francisco / San Francisco International (SFO/KSFO)","Phoenix / Sky Harbor (PHX/KPHX)",15:15:00,16:48:00,01:33:00,"Frontier Airlines (F9/FFT)","Airbus A320neo (A20N)",N344FR,13F,1,4,1,"Phoenix Weekend Trip 2023",2644,2315,302,2127
2023-08-13,F92756,"Phoenix / Sky Harbor (PHX/KPHX)","San Francisco / San Francisco International (SFO/KSFO)",13:46:00,15:20:00,01:34:00,"Frontier Airlines (F9/FFT)","Airbus A320neo (A20N)",N332FR,18F,1,1,1,"Phoenix August 2023 Visit",2315,2644,302,2127
2023-09-09,UA1428,"San Francisco / San Francisco International (SFO/KSFO)","Newark / Liberty International (EWR/KEWR)",16:29:00,00:52:00,05:23:00,"United Airlines (UA/UAL)","Boeing 777-200 (B772)",N774UA,18A,1,4,1,"September 2023 New York Trip",2644,851,808,246
2023-09-14,UA399,"Newark / Liberty International (EWR/KEWR)","Los Angeles / Los Angeles International (LAX/KLAX)",08:25:00,11:00:00,05:35:00,"United Airlines (UA/UAL)","Boeing 787-10 (B78X)",N13014,44L,1,1,1,"Japan Summer 2023 Trip",851,1559,808,2138
2023-09-14,SQ11,"Los Angeles / Los Angeles International (LAX/KLAX)","Tokyo / Narita (NRT/RJAA)",16:11:00,18:30:00,10:19:00,"Singapore Airlines (SQ/SIA)","Boeing 777-300ER (B77W)",9V-SWI,53K,1,1,1,"Japan Summer 2023 Trip",1559,2105,703,2023
2023-09-24,SQ12,"Tokyo / Narita (NRT/RJAA)","Los Angeles / Los Angeles International (LAX/KLAX)",19:15:00,12:05:00,08:50:00,"Singapore Airlines (SQ/SIA)","Boeing 777-300ER (B77W)",9V-SWY,51K,1,1,1,"2023 Summer Japan Trip",2105,1559,703,2023
2023-09-24,DL789,"Los Angeles / Los Angeles International (LAX/KLAX)","San Francisco / San Francisco International (SFO/KSFO)",16:26:00,17:18:00,00:52:00,"Delta Air Lines (DL/DAL)","Airbus A319 (A319)",N349NB,24F,1,1,1,"2023 Summer Japan Trip",1559,2644,223,26
2023-11-03,UA2070,"San Francisco / San Francisco International (SFO/KSFO)","Austin / Bergstrom International (AUS/KAUS)",18:18:00,23:48:00,03:30:00,"United Airlines (UA/UAL)","Boeing 737 MAX 9 (B39M)",N17564,26A,1,1,2,"Defense Tech Site Visit Austin TX Nov 2023",2644,3777,808,2124
2023-11-07,UA1401,"Austin / Bergstrom International (AUS/KAUS)","San Francisco / San Francisco International (SFO/KSFO)",19:24:00,21:19:00,03:55:00,"United Airlines (UA/UAL)","Boeing 737 MAX 8 (B38M)",N27266,31F,1,1,2,"Defense Tech Consulting Trip 2023",3777,2644,808,2123
2023-11-19,UA1886,"San Francisco / San Francisco International (SFO/KSFO)","Newark / Liberty International (EWR/KEWR)",07:01:00,15:37:00,05:36:00,"United Airlines (UA/UAL)","Boeing 757-200 (B752)",N19117,10F,1,4,1,"Thanksgiving 2023",2644,851,808,241
2023-11-28,AS33,"New York / John F Kennedy (JFK/KJFK)","San Francisco / San Francisco International (SFO/KSFO)",07:29:00,10:10:00,05:41:00,"Alaska Airlines (AS/ASA)","Boeing 737 MAX 9 (B39M)",N978AK,22A,1,1,1,"Thanksgiving Trip 2023",1328,2644,79,2124
2023-12-09,UA1413,"San Francisco / San Francisco International (SFO/KSFO)","Los Angeles / Los Angeles International (LAX/KLAX)",16:21:00,17:48:00,01:27:00,"United Airlines (UA/UAL)","Boeing 737-900ER (B739)",N66897,26C,3,1,1,"Japan Trip Winter 2023-2024",2644,1559,808,2069
2023-12-10,DL7,"Los Angeles / Los Angeles International (LAX/KLAX)","Tokyo / Haneda (HND/RJTT)",09:39:00,14:01:00,12:22:00,"Delta Air Lines (DL/DAL)","Airbus A330-900neo (A339)",N402DX,49A,1,1,1,"Japan Trip Winter 2023-2024",1559,1152,223,2130
2023-12-12,NH475,"Tokyo / Haneda (HND/RJTT)","Naha / Naha (OKA/ROAH)",15:13:00,17:35:00,02:22:00,"All Nippon Airways (NH/ANA)","Boeing 777-300 (B773)",JA754A,17K,1,1,1,"Winter Break Japan Trip 2023-2024",1152,2172,64,247
2023-12-15,NH1765,"Naha / Naha (OKA/ROAH)","Ishigaki I / Ishigaki (ISG/ROIG)",09:38:00,10:22:00,00:44:00,"All Nippon Airways (NH/ANA)","Boeing 737-800 (B738)",JA79AN,8K,1,1,1,"Winter Break Japan Trip 2023-2024",2172,1279,64,231
2023-12-18,NH90,"Ishigaki I / Ishigaki (ISG/ROIG)","Tokyo / Haneda (HND/RJTT)",12:32:00,14:48:00,02:16:00,"All Nippon Airways (NH/ANA)","Boeing 767-300ER (B763)",JA618A,11A,1,1,1,"2023-2024 Winter Break Japan Trip",1279,1152,64,2078
2024-01-06,AC4,"Tokyo / Narita (NRT/RJAA)","Vancouver / Vancouver (YVR/CYVR)",19:49:00,11:38:00,07:49:00,"Air Canada (AC/ACA)","Boeing 777-300ER (B77W)",C-FKAU,19A,1,1,1,"Japan 2023-2024 Winter Break Trip",2105,3466,13,2023
2024-01-06,AC556,"Vancouver / Vancouver (YVR/CYVR)","Los Angeles / Los Angeles International (LAX/KLAX)",14:56:00,17:07:00,02:11:00,"Air Canada (AC/ACA)","Boeing 737 MAX 8 (B38M)",C-GEIV,15F,1,4,1,"Japan 2023-2024 Winter Break Trip",3466,1559,13,2123
2024-01-06,WN2019,"Los Angeles / Los Angeles International (LAX/KLAX)","San Francisco / San Francisco International (SFO/KSFO)",19:59:00,20:58:00,00:59:00,"Southwest Airlines (WN/SWA)","Boeing 737-800 (B738)",N8549Z,3A,1,1,1,"Japan 2023-2024 Winter Break Trip",1559,2644,736,231
2024-03-01,AS1319,"San Francisco / San Francisco International (SFO/KSFO)","Seattle / Seattle-Tacoma (SEA/KSEA)",23:41:00,01:11:00,01:30:00,"Alaska Airlines (AS/ASA)","Boeing 737-800 (B738)",N596AS,18B,2,1,1,"Seattle Trip 2024",2644,2627,79,231
2024-03-04,AS1050,"Seattle / Seattle-Tacoma (SEA/KSEA)","San Francisco / San Francisco International (SFO/KSFO)",23:40:00,01:18:00,01:38:00,"Alaska Airlines (AS/ASA)","Boeing 737-900ER (B739)",N487AS,26A,1,1,1,"Seattle Trip March 2024",2627,2644,79,2069
2024-03-19,WN1898,"Los Angeles / Los Angeles International (LAX/KLAX)","San Jose / San Jose (SJC/KSJC)",20:36:00,21:23:00,00:47:00,"Southwest Airlines (WN/SWA)","Boeing 737 MAX 8 (B38M)",N8735L,3F,1,1,1,"CS111 Final Exam",1559,2680,736,2123
2024-03-20,UA549,"San Francisco / San Francisco International (SFO/KSFO)","Newark / Liberty International (EWR/KEWR)",00:21:00,08:30:00,05:09:00,"United Airlines (UA/UAL)","Boeing 777-200ER (B77E)",N78002,31A,1,4,1,"Spring Break 2024",2644,851,808,2024
2024-03-25,UA399,"Newark / Liberty International (EWR/KEWR)","Los Angeles / Los Angeles International (LAX/KLAX)",08:25:00,12:01:00,06:36:00,"United Airlines (UA/UAL)","Boeing 787-10 (B78X)",N14011,21E,2,4,2,"Discipulus Ventures Cohort 1",851,1559,808,2138
2024-04-17,F94594,"San Francisco / San Francisco International (SFO/KSFO)","Los Angeles / Los Angeles International (LAX/KLAX)",14:59:00,15:56:00,00:57:00,"Frontier Airlines (F9/FFT)","Airbus A320neo (A20N)",N390FR,6F,1,1,1,"RayBNB Excursion",2644,1559,302,2127
2024-04-23,F94593,"Los Angeles / Los Angeles International (LAX/KLAX)","San Francisco / San Francisco International (SFO/KSFO)",10:59:00,12:03:00,01:04:00,"Frontier Airlines (F9/FFT)","Airbus A320neo (A20N)",N352FR,4A,1,1,1,"RayBNB Trip 2024",1559,2644,302,2127
2024-05-13,UA1413,"San Francisco / San Francisco International (SFO/KSFO)","Los Angeles / Los Angeles International (LAX/KLAX)",16:31:00,17:55:00,01:24:00,"United Airlines (UA/UAL)","Boeing 737 MAX 8 (B38M)",N37313,25C,3,1,2,"Space Tech Expo 2024",2644,1559,808,2123
2024-05-15,UA2154,"Los Angeles / Los Angeles International (LAX/KLAX)","San Francisco / San Francisco International (SFO/KSFO)",20:53:00,22:37:00,01:44:00,"United Airlines (UA/UAL)","Boeing 737-900ER (B739)",N38451,32E,2,1,2,"Space Tech Expo 2024",1559,2644,808,2069
2024-06-09,UA362,"San Francisco / San Francisco International (SFO/KSFO)","Denver / Denver (DEN/KDEN)",06:27:00,09:57:00,02:30:00,"United Airlines (UA/UAL)","Boeing 777-200 (B772)",N215UA,19A,1,4,2,"RASC-AL Forum 2024",2644,691,808,246
2024-06-09,UA1642,"Denver / Denver (DEN/KDEN)","Orlando / Orlando (MCO/KMCO)",13:39:00,19:17:00,03:38:00,"United Airlines (UA/UAL)","Boeing 757-300 (B753)",N74856,12A,1,4,2,"RASC-AL 2024",691,1768,808,242
2024-06-13,UA2443,"Orlando / Orlando (MCO/KMCO)","San Francisco / San Francisco International (SFO/KSFO)",08:49:00,11:14:00,05:25:00,"United Airlines (UA/UAL)","Boeing 757-300 (B753)",N57868,23F,1,4,2,"RASC-AL Forum 2024",1768,2644,808,242
2024-07-03,UA1288,"San Francisco / San Francisco International (SFO/KSFO)","Newark / Liberty International (EWR/KEWR)",00:56:00,09:25:00,05:29:00,"United Airlines (UA/UAL)","Boeing 757-200 (B752)",N17128,8F,1,4,1,"Independence Day Trip 2024",2644,851,808,241
2024-07-09,UA3535,"New York / La Guardia (LGA/KLGA)","Washington / Dulles (IAD/KIAD)",19:26:00,21:10:00,01:44:00,"Republic Airlines (YX/RPA)","Embraer ERJ-170 (E170)",N861RW,21A,1,1,1,"July 4th Trip 2024",1605,1202,1152,654
2024-07-09,UA2172,"Washington / Dulles (IAD/KIAD)","San Francisco / San Francisco International (SFO/KSFO)",22:07:00,00:43:00,05:36:00,"United Airlines (UA/UAL)","Boeing 737 MAX 9 (B39M)",N17574,21A,1,4,1,"July 4th Trip 2024",1202,2644,808,2124
2024-07-15,NK2528,"Los Angeles / Los Angeles International (LAX/KLAX)","San Jose / San Jose (SJC/KSJC)",19:57:00,20:44:00,00:47:00,"Spirit Airlines (NK/NKS)","Airbus A320neo (A20N)",N982NK,30A,1,1,1,"RayBNB Road Trip July 2024",1559,2680,565,2127
2024-07-25,AS1327,"San Francisco / San Francisco International (SFO/KSFO)","Seattle / Seattle-Tacoma (SEA/KSEA)",19:46:00,21:29:00,01:43:00,"Alaska Airlines (AS/ASA)","Boeing 737-900 (B739)",N317AS,31F,1,1,2,"EAA AirVenture Oshkosh 2024",2644,2627,79,232
2024-07-25,AS328,"Seattle / Seattle-Tacoma (SEA/KSEA)","Chicago / O'Hare (ORD/KORD)",22:59:00,04:24:00,03:25:00,"Alaska Airlines (AS/ASA)","Boeing 737-900ER (B739)",N268AK,2F,1,3,2,"EAA AirVenture Oshkosh 2024",2627,2205,79,2069
2024-07-28,UA1111,"Chicago / O'Hare (ORD/KORD)","San Francisco / San Francisco International (SFO/KSFO)",21:22:00,00:08:00,04:46:00,"United Airlines (UA/UAL)","Boeing 757-300 (B753)",N57862,15A,1,1,2,"EAA AirVenture Oshkosh 2024",2205,2644,808,242
2024-08-08,AS38,"San Francisco / San Francisco International (SFO/KSFO)","New York / John F Kennedy (JFK/KJFK)",23:26:00,07:25:00,04:59:00,"Alaska Airlines (AS/ASA)","Boeing 737 MAX 9 (B39M)",N926AK,12A,1,1,1,"New York Trip August 2024",2644,1328,79,2124
2024-08-12,B6815,"New York / John F Kennedy (JFK/KJFK)","San Francisco / San Francisco International (SFO/KSFO)",20:41:00,23:38:00,05:57:00,"JetBlue Airways (B6/JBU)","Airbus A321-200 (A321)",N980JT,16F,1,1,1,"August 2024 NYC Trip",1328,2644,410,2076
2024-08-16,UA1175,"San Francisco / San Francisco International (SFO/KSFO)","Honolulu / Honolulu (HNL/PHNL)",09:27:00,11:47:00,05:20:00,"United Airlines (UA/UAL)","Boeing 777-300ER (B77W)",N2534U,20G,3,4,1,"Oahu Trip 2024",2644,1153,808,2023
2024-08-19,HA44,"Honolulu / Honolulu (HNL/PHNL)","San Jose / San Jose (SJC/KSJC)",12:42:00,20:06:00,04:24:00,"Hawaiian Airlines (HA/HAL)","Airbus A321neo (A21N)",N217HA,40A,1,1,1,"Oahu Trip 2024",1153,2680,346,2128
2024-09-07,NK436,"San Jose / San Jose (SJC/KSJC)","Las Vegas / McCarran (LAS/KLAS)",06:06:00,07:04:00,00:58:00,"Spirit Airlines (NK/NKS)","Airbus A320neo (A20N)",N969NK,14A,1,1,1,"Zion NP Hiking Trip 2024",2680,1557,565,2127
2024-09-09,NK1524,"Las Vegas / McCarran (LAS/KLAS)","San Jose / San Jose (SJC/KSJC)",07:40:00,08:39:00,00:59:00,"Spirit Airlines (NK/NKS)","Airbus A320neo (A20N)",N954NK,14F,1,1,1,"Zion NP Hiking Trip 2024",1557,2680,565,2127
2024-09-14,UA837,"San Francisco / San Francisco International (SFO/KSFO)","Tokyo / Narita (NRT/RJAA)",11:47:00,14:00:00,10:13:00,"United Airlines (UA/UAL)","Boeing 777-300ER (B77W)",N2747U,20A,1,4,1,"Japan Trip September 2024",2644,2105,808,2023
2024-09-22,UA838,"Tokyo / Narita (NRT/RJAA)","San Francisco / San Francisco International (SFO/KSFO)",17:03:00,10:41:00,09:38:00,"United Airlines (UA/UAL)","Boeing 777-300ER (B77W)",N2846U,20L,1,4,1,"Japan Trip Sept 2024",2105,2644,808,2023
2024-09-25,NK469,"San Jose / San Jose (SJC/KSJC)","Los Angeles / Los Angeles International (LAX/KLAX)",13:05:00,14:04:00,00:59:00,"Spirit Airlines (NK/NKS)","Airbus A320neo (A20N)",N994NK,11B,2,1,1,"Repositioning for Hawaii Trip #2",2680,1559,565,2127
2024-09-28,UA1158,"Los Angeles / Los Angeles International (LAX/KLAX)","Honolulu / Honolulu (HNL/PHNL)",08:31:00,11:09:00,05:38:00,"United Airlines (UA/UAL)","Boeing 777-200ER (B77E)",N219UA,18L,1,4,1,"2nd Hawaii Trip 2024",1559,1153,808,2024
2024-09-30,UA1947,"Honolulu / Honolulu (HNL/PHNL)","San Francisco / San Francisco International (SFO/KSFO)",22:27:00,06:35:00,05:08:00,"United Airlines (UA/UAL)","Boeing 777-300ER (B77W)",N2243U,34A,1,4,1,"2nd Hawaii Trip 2024",1153,2644,808,2023
2024-10-02,AS30,"San Francisco / San Francisco International (SFO/KSFO)","New York / John F Kennedy (JFK/KJFK)",09:28:00,17:23:00,04:55:00,"Alaska Airlines (AS/ASA)","Boeing 737 MAX 9 (B39M)",N982AK,17A,1,1,1,"New York Trip Oct 2024",2644,1328,79,2124
2024-10-08,AS25,"New York / John F Kennedy (JFK/KJFK)","San Diego / San Diego International (SAN/KSAN)",17:05:00,19:42:00,05:37:00,"Alaska Airlines (AS/ASA)","Boeing 737-800 (B738)",N508AS,17A,1,1,1,"New York Trip October 2024",1328,2589,79,231
2024-10-08,AS3459,"San Diego / San Diego International (SAN/KSAN)","San Jose / San Jose (SJC/KSJC)",22:03:00,23:06:00,01:03:00,"SkyWest Airlines (OO/SKW)","Embraer 175 (E75L)",N185SY,3C,3,3,1,"New York Trip October 2024",2589,2680,709,2146
2024-11-14,UA717,"San Francisco / San Francisco International (SFO/KSFO)","Washington / Dulles (IAD/KIAD)",08:37:00,16:35:00,04:58:00,"United Airlines (UA/UAL)","Boeing 777-300ER (B77W)",N2645U,46A,1,1,2,"AGI House National Security Hackathon 2024",2644,1202,808,2023
2024-11-18,UA204,"Newark / Liberty International (EWR/KEWR)","San Francisco / San Francisco International (SFO/KSFO)",17:53:00,21:14:00,06:21:00,"United Airlines (UA/UAL)","Boeing 787-9 (B789)",N25982,44A,1,1,2,"SCSP Hackathon 2024",851,2644,808,2088
2024-11-25,AS30,"San Francisco / San Francisco International (SFO/KSFO)","New York / John F Kennedy (JFK/KJFK)",09:50:00,17:33:00,04:43:00,"Alaska Airlines (AS/ASA)","Boeing 737 MAX 9 (B39M)",N915AK,4F,1,3,1,"Thanksgiving Trip 2024",2644,1328,79,2124
2024-12-03,AS41,"New York / John F Kennedy (JFK/KJFK)","San Francisco / San Francisco International (SFO/KSFO)",17:11:00,20:02:00,05:51:00,"Alaska Airlines (AS/ASA)","Boeing 737-900ER (B739)",N237AK,17D,3,1,1,"Thanksgiving 2024",1328,2644,79,2069
2024-12-13,AS3403,"San Francisco / San Francisco International (SFO/KSFO)","Los Angeles / Los Angeles International (LAX/KLAX)",11:38:00,12:29:00,00:51:00,"SkyWest Airlines (OO/SKW)","Embraer 175 (E75L)",N408SY,6B,3,4,1,"Miami + Caribbean Trip 2024",2644,1559,709,2146
2024-12-13,AS362,"Los Angeles / Los Angeles International (LAX/KLAX)","Fort Lauderdale / Hollywood (FLL/KFLL)",14:30:00,21:50:00,04:20:00,"Alaska Airlines (AS/ASA)","Boeing 737-900ER (B739)",N264AK,17F,1,1,1,"Miami + Caribbean Trip 2024",1559,892,79,2069
2024-12-24,AS305,"Miami / Miami International (MIA/KMIA)","Seattle / Seattle-Tacoma (SEA/KSEA)",17:51:00,20:54:00,06:03:00,"Alaska Airlines (AS/ASA)","Boeing 737-900ER (B739)",N435AS,4F,1,3,1,"Winter Break Trip 2024",1831,2627,79,2069
2024-12-26,JX31,"Seattle / Seattle-Tacoma (SEA/KSEA)","Taipei / Taoyuan (TPE/RCTP)",00:21:00,05:24:00,14:03:00,"Starlux Airlines (JX/SJX)","Airbus A350-900 (A359)",B-58502,37K,1,1,1,"Taiwan Trip 2024",2627,2996,2781,2110
2025-01-05,JX32,"Taipei / Taoyuan (TPE/RCTP)","Seattle / Seattle-Tacoma (SEA/KSEA)",20:51:00,14:40:00,08:49:00,"Starlux Airlines (JX/SJX)","Airbus A350-900 (A359)",B-58503,52K,1,1,1,"Taiwan Trip Year End 2024",2996,2627,2781,2110
2025-01-05,UA737,"Seattle / Seattle-Tacoma (SEA/KSEA)","San Francisco / San Francisco International (SFO/KSFO)",18:30:00,20:08:00,01:38:00,"United Airlines (UA/UAL)","Airbus A320-200 (A320)",N462UA,31A,1,1,1,"Taiwan 2024 Year-End Trip",2627,2644,808,2059
2025-01-27,UA2018,"San Francisco / San Francisco International (SFO/KSFO)","Orlando / Orlando (MCO/KMCO)",09:12:00,16:37:00,04:25:00,"United Airlines (UA/UAL)","Boeing 737 MAX 9 (B39M)",N37563,14F,1,1,2,"SpaceCOM 2025",2644,1768,808,2124
2025-01-30,UA2340,"Orlando / Orlando (MCO/KMCO)","San Francisco / San Francisco International (SFO/KSFO)",18:30:00,21:27:00,05:57:00,"United Airlines (UA/UAL)","Boeing 737 MAX 9 (B39M)",N47505,14F,1,4,2,"SpaceCOM 2025",1768,2644,808,2124
2025-02-19,UA2013,"San Francisco / San Francisco International (SFO/KSFO)","Newark / Liberty International (EWR/KEWR)",22:36:00,06:29:00,04:53:00,"United Airlines (UA/UAL)","Boeing 777-200ER (B77E)",N78009,35A,1,1,1,"Family Weekend 2025",2644,851,808,2024
2025-02-25,UA625,"Newark / Liberty International (EWR/KEWR)","San Francisco / San Francisco International (SFO/KSFO)",06:59:00,10:10:00,06:11:00,"United Airlines (UA/UAL)","Boeing 787-9 (B789)",N29975,44A,1,1,1,"Family Weekend 2025",851,2644,808,2088
2025-03-06,UA8119,"San Francisco / San Francisco International (SFO/KSFO)","Seattle / Seattle-Tacoma (SEA/KSEA)",18:49:00,21:12:00,02:23:00,"United Airlines (UA/UAL)","Airbus A320-200 (A320)",N418UA,10A,1,4,2,"JBLM Tour 2025",2644,2627,808,2059
2025-03-10,UA2482,"Seattle / Seattle-Tacoma (SEA/KSEA)","San Francisco / San Francisco International (SFO/KSFO)",17:32:00,19:36:00,02:04:00,"United Airlines (UA/UAL)","Boeing 737 MAX 9 (B39M)",N37528,9A,1,4,2,"JBLM Consultation 2025",2627,2644,808,2124
2025-03-15,DL2267,"San Francisco / San Francisco International (SFO/KSFO)","Los Angeles / Los Angeles International (LAX/KLAX)",16:28:00,17:18:00,00:50:00,"Delta Air Lines (DL/DAL)","Boeing 737-800 (B738)",N3738B,23F,1,1,1,"Korea Trip March 2025",2644,1559,223,231
2025-03-16,KE18,"Los Angeles / Los Angeles International (LAX/KLAX)","Seoul / Incheon (ICN/RKSI)",12:12:00,16:48:00,12:36:00,"Korean Air Lines (KE/KAL)","Airbus A380-800 (A388)",HL7621,29A,1,1,1,"Korea Trip March 2025",1559,3602,425,39
2025-03-25,UA892,"Seoul / Incheon (ICN/RKSI)","San Francisco / San Francisco International (SFO/KSFO)",16:53:00,12:01:00,11:08:00,"United Airlines (UA/UAL)","Boeing 777-200ER (B77E)",N797UA,38A,1,1,1,"Korea Trip 2025",3602,2644,808,2024
2025-03-25,UA549,"San Francisco / San Francisco International (SFO/KSFO)","Newark / Liberty International (EWR/KEWR)",14:43:00,23:11:00,05:28:00,"United Airlines (UA/UAL)","Boeing 757-200 (B752)",N41135,22A,1,1,1,"Korea Trip 2025",2644,851,808,241
2025-04-02,AS33,"New York / John F Kennedy (JFK/KJFK)","San Francisco / San Francisco International (SFO/KSFO)",09:44:00,13:10:00,06:26:00,"Alaska Airlines (AS/ASA)","Boeing 737 MAX 9 (B39M)",N990AK,4A,1,3,1,"Spring Break 2025",1328,2644,79,2124
2025-04-03,WN952,"San Francisco / San Francisco International (SFO/KSFO)","Los Angeles / Los Angeles International (LAX/KLAX)",21:09:00,22:02:00,00:53:00,"Southwest Airlines (WN/SWA)","Boeing 737 MAX 8 (B38M)",N8831L,6F,1,1,2,"Flyby Robotics Drone Hacker Prize",2644,1559,736,2123
2025-04-07,WN1936,"Los Angeles / Los Angeles International (LAX/KLAX)","San Jose / San Jose (SJC/KSJC)",20:01:00,20:49:00,00:48:00,"Southwest Airlines (WN/SWA)","Boeing 737 MAX 8 (B38M)",N871HK,2A,1,1,2,"Flyby Robotics Drone Hacker Prize",1559,2680,736,2123
2025-04-12,JX11,"San Francisco / San Francisco International (SFO/KSFO)","Taipei / Taoyuan (TPE/RCTP)",01:01:00,05:55:00,13:54:00,"Starlux Airlines (JX/SJX)","Airbus A350-900 (A359)",B-58501,6A,1,2,1,"Taiwan/HK Trip 2025",2644,2996,2781,2110
2025-04-14,JX235,"Taipei / Taoyuan (TPE/RCTP)","Hong Kong / Hong Kong International (HKG/VHHH)",17:21:00,18:59:00,01:38:00,"Starlux Airlines (JX/SJX)","Airbus A330-900neo (A339)",B-58301,34K,1,1,1,"Taiwan/Hong Kong Trip April 2025",2996,1135,2781,2130
2025-04-20,JX236,"Hong Kong / Hong Kong International (HKG/VHHH)","Taipei / Taoyuan (TPE/RCTP)",21:19:00,22:32:00,01:13:00,"Starlux Airlines (JX/SJX)","Airbus A350-900 (A359)",B-58510,40A,1,1,1,"Hong Kong/Taiwan Trip 2025",1135,2996,2781,2110
2025-04-21,JX12,"Taipei / Taoyuan (TPE/RCTP)","San Francisco / San Francisco International (SFO/KSFO)",00:28:00,20:26:00,10:58:00,"Starlux Airlines (JX/SJX)","Airbus A350-900 (A359)",B-58503,53K,1,1,1,"Hong Kong/Taiwan Trip 2025",2996,2644,2781,2110
2025-05-08,UA2241,"San Francisco / San Francisco International (SFO/KSFO)","Chicago / O'Hare (ORD/KORD)",23:41:00,05:48:00,04:07:00,"United Airlines (UA/UAL)","Airbus A321neo (A21N)",N14517,10A,1,4,2,"Fort Campbell MQ-1C",2644,2205,808,2128
2025-05-09,UA2046,"Chicago / O'Hare (ORD/KORD)","Nashville / Nashville (BNA/KBNA)",07:13:00,09:10:00,01:57:00,"United Airlines (UA/UAL)","Airbus A319-100 (A319)",N894UA,8A,1,4,2,"Fort Campbell MQ-1C",2205,358,808,2073
2025-05-12,UA396,"Nashville / Nashville (BNA/KBNA)","Chicago / O'Hare (ORD/KORD)",16:41:00,18:34:00,01:53:00,"United Airlines (UA/UAL)","Boeing 737-800 (B738)",N26232,7F,1,4,2,"Fort Campbell MQ-1C Hack",358,2205,808,231
2025-05-12,UA2106,"Chicago / O'Hare (ORD/KORD)","San Francisco / San Francisco International (SFO/KSFO)",23:01:00,01:11:00,04:10:00,"United Airlines (UA/UAL)","Boeing 757-300 (B753)",N57855,11A,1,4,2,"Fort Campbell MQ-1C Hack",2205,2644,808,242
2025-05-14,UA793,"San Francisco / San Francisco International (SFO/KSFO)","Chicago / O'Hare (ORD/KORD)",08:29:00,14:43:00,04:14:00,"United Airlines (UA/UAL)","Boeing 777-200ER (B77E)",N220UA,41L,1,4,1,"May 2025 Family Visit",2644,2205,808,2024
2025-05-14,UA1946,"Chicago / O'Hare (ORD/KORD)","New York / La Guardia (LGA/KLGA)",18:26:00,22:07:00,02:41:00,"United Airlines (UA/UAL)","Boeing 737-800 (B738)",N37267,8F,1,4,1,"May 2025 Family Visit",2205,1605,808,231
2025-05-19,DL667,"New York / John F Kennedy (JFK/KJFK)","San Francisco / San Francisco International (SFO/KSFO)",20:28:00,23:24:00,05:56:00,"Delta Air Lines (DL/DAL)","Boeing 767-300ER (B763)",N177DN,22G,1,1,1,"May 2025 Family Visit",1328,2644,223,2078
2025-05-25,NH7,"San Francisco / San Francisco International (SFO/KSFO)","Tokyo / Narita (NRT/RJAA)",12:41:00,15:00:00,10:19:00,"All Nippon Airways (NH/ANA)","Boeing 777-300ER (B77W)",JA791A,39K,1,1,2,"Tokyo Semiconductor Conference 2025",2644,2105,64,2023
2025-06-02,UA876,"Tokyo / Haneda (HND/RJTT)","San Francisco / San Francisco International (SFO/KSFO)",15:41:00,09:27:00,09:46:00,"United Airlines (UA/UAL)","Boeing 777-200ER (B77E)",N209UA,43A,1,1,2,"AI + Semiconductor Forum 2025 (Tokyo)",1152,2644,808,2024
2025-06-14,UA1870,"Santa Ana / John Wayne-Orange Co (SNA/KSNA)","San Francisco / San Francisco International (SFO/KSFO)",19:07:00,20:30:00,01:23:00,"United Airlines (UA/UAL)","Boeing 737-800 (B738)",N78501,23C,3,1,1,"Palo Alto - Irvine Move June 2025",2726,2644,808,231
2025-06-19,UA1870,"Santa Ana / John Wayne-Orange Co (SNA/KSNA)","San Francisco / San Francisco International (SFO/KSFO)",20:06:00,21:33:00,01:27:00,"United Airlines (UA/UAL)","Airbus A320-200 (A320)",N463UA,10F,1,4,2,"Fort Bragg UAS work",2726,2644,808,2059
2025-06-19,UA1722,"San Francisco / San Francisco International (SFO/KSFO)","Raleigh-Durham / Durham (RDU/KRDU)",23:49:00,07:49:00,05:00:00,"United Airlines (UA/UAL)","Boeing 737 MAX 8 (B38M)",N27334,7F,1,4,2,"Fort Bragg UAS visit",2644,2495,808,2123
2025-06-22,AA2462,"Raleigh-Durham / Durham (RDU/KRDU)","Los Angeles / Los Angeles International (LAX/KLAX)",18:11:00,19:55:00,04:44:00,"American Airlines (AA/AAL)","Boeing 737-800 (B738)",N965AN,17F,1,4,2,"Fort Bragg Drone Work June 2025",2495,1559,4,231
2025-06-26,UA1981,"Los Angeles / Los Angeles International (LAX/KLAX)","Newark / Liberty International (EWR/KEWR)",11:14:00,20:22:00,06:08:00,"United Airlines (UA/UAL)","Boeing 757-200 (B752)",N12116,22F,1,1,2,"Virginia Beach Naval Base 2025",1559,851,808,241
2025-06-27,UA8158,"Newark / Liberty International (EWR/KEWR)","Norfolk / Norfolk (ORF/KORF)",00:07:00,01:45:00,01:38:00,"United Airlines (UA/UAL)","Boeing 737-900ER (B739)",N81449,5F,1,3,2,"Virginia Beach Drone Visit 2025",851,2207,808,2069
2025-06-30,UA1525,"Norfolk / Norfolk (ORF/KORF)","Newark / Liberty International (EWR/KEWR)",05:52:00,07:17:00,01:25:00,"United Airlines (UA/UAL)","Boeing 737 MAX 9 (B39M)",N27586,1F,1,3,2,"Norfolk (NSW) Need Finding Trip",2207,851,808,2124
2025-07-08,UA1321,"Newark / Liberty International (EWR/KEWR)","Los Angeles / Los Angeles International (LAX/KLAX)",10:59:00,13:16:00,05:17:00,"United Airlines (UA/UAL)","Boeing 787-9 (B789)",N25982,44A,1,1,1,"2025 Independence Day",851,1559,808,2088
2025-07-19,ZG23,"Los Angeles / Los Angeles International (LAX/KLAX)","Tokyo / Narita (NRT/RJAA)",11:02:00,13:24:00,10:22:00,"ZIPAIR (ZG/TZP)","Boeing 787-8 (B788)",JA824J,47A,1,1,1,"Surprise Japan Last Minute Trip 2025",1559,2105,2742,2087
2025-07-22,JL16,"Tokyo / Haneda (HND/RJTT)","Los Angeles / Los Angeles International (LAX/KLAX)",17:35:00,11:34:00,09:59:00,"Japan Airlines (JL/JAL)","Airbus A350-1000 (A35K)",JA07WJ,18K,1,4,1,"Japan July 2025 Surprise Trip",1152,1559,406,2137
2025-07-25,F93581,"Santa Ana / John Wayne-Orange Co (SNA/KSNA)","San Francisco / San Francisco International (SFO/KSFO)",21:03:00,22:07:00,01:04:00,"Frontier Airlines (F9/FFT)","Airbus A320neo (A20N)",N382FR,21A,1,1,2,"SF Visit July 2025",2726,2644,302,2127
2025-07-28,UA1571,"San Francisco / San Francisco International (SFO/KSFO)","Los Angeles / Los Angeles International (LAX/KLAX)",05:54:00,07:27:00,01:33:00,"United Airlines (UA/UAL)","Boeing 737 MAX 8 (B38M)",N17322,8F,1,4,2,"SF Trip July 2025",2644,1559,808,2123
2025-08-01,UA1352,"Santa Ana / John Wayne-Orange Co (SNA/KSNA)","Houston / George Bush Intercontinental (IAH/KIAH)",12:00:00,17:27:00,03:27:00,"United Airlines (UA/UAL)","Boeing 737-700 (B737)",N13720,7F,1,4,2,"Oceana Naval Base Hack August 2025",2726,1204,808,230
2025-08-01,UA6282,"Houston / George Bush Intercontinental (IAH/KIAH)","Norfolk / Norfolk (ORF/KORF)",19:00:00,23:17:00,03:17:00,"Mesa Airlines (YV/ASH)","Embraer 175 (E75L)",N89308,4C,3,3,2,"Oceana Naval Base Hack August 2025",1204,2207,81,2146
2025-08-05,AA4437,"Norfolk / Norfolk (ORF/KORF)","New York / La Guardia (LGA/KLGA)",09:38:00,10:32:00,00:54:00,"Republic Airlines (YX/RPA)","Embraer ERJ-170 (E170)",N861RW,2F,1,3,2,"Joint Expeditionary Base Little Creek-Fort Story Hack 2025",2207,1605,1152,654
2025-08-10,AA2459,"New York / John F Kennedy (JFK/KJFK)","Santa Ana / John Wayne-Orange Co (SNA/KSNA)",08:51:00,10:50:00,04:59:00,"American Airlines (AA/AAL)","Airbus A321-200 (A321)",N101NN,14F,1,4,2,"Joint Expeditionary Base Little Creek-Fort Story Return",1328,2726,4,2076
2025-08-15,DL304,"Santa Ana / John Wayne-Orange Co (SNA/KSNA)","Detroit / Detroit Metropolitan Wayne Co (DTW/KDTW)",11:25:00,18:16:00,03:51:00,"Delta Air Lines (DL/DAL)","Boeing 757-200 (B752)",N550NW,37A,1,1,2,"Joint Base Little Creek-Fort Story Part 2 August 2025",2726,756,223,241
2025-08-15,DL731,"Detroit / Detroit Metropolitan Wayne Co (DTW/KDTW)","Norfolk / Norfolk (ORF/KORF)",21:46:00,23:02:00,01:16:00,"Delta Air Lines (DL/DAL)","Boeing 717-200 (B712)",N983AT,27E,1,1,2,"Joint Base Little Creek-Fort Story Part 2 August 2025",756,2207,223,220
2025-08-18,DL1051,"Norfolk / Norfolk (ORF/KORF)","Atlanta / Hartsfield-Jackson (ATL/KATL)",15:50:00,17:10:00,01:20:00,"Delta Air Lines (DL/DAL)","Boeing 737-800 (B738)",N382DA,24F,1,1,2,"Joint Base Little Creek-Fort Story Round 2 August 2025",2207,179,223,231
2025-08-18,DL556,"Atlanta / Hartsfield-Jackson (ATL/KATL)","Santa Ana / John Wayne-Orange Co (SNA/KSNA)",21:06:00,21:58:00,03:52:00,"Delta Air Lines (DL/DAL)","Boeing 757-200 (B752)",N710TW,41F,1,1,2,"Joint Expeditionary Base Little Creek-Fort Story Round 2 August 2025",179,2726,223,241
2025-09-01,WN3593,"Santa Ana / John Wayne-Orange Co (SNA/KSNA)","Las Vegas / McCarran (LAS/KLAS)",19:30:00,20:17:00,00:47:00,"Southwest Airlines (WN/SWA)","Boeing 737 MAX 8 (B38M)",N8896L,3F,1,1,2,"Commercial UAV Expo 2025",2726,1557,736,2123
2025-09-03,NK888,"Las Vegas / McCarran (LAS/KLAS)","Santa Ana / John Wayne-Orange Co (SNA/KSNA)",18:49:00,19:31:00,00:42:00,"Spirit Airlines (NK/NKS)","Airbus A320neo (A20N)",N978NK,16C,3,1,2,"Commercial UAV Expo 2025",1557,2726,565,2127
2025-09-08,AA1882,"San Francisco / San Francisco International (SFO/KSFO)","Los Angeles / Los Angeles International (LAX/KLAX)",20:05:00,21:02:00,00:57:00,"American Airlines (AA/AAL)","Airbus A321-200 (A321)",N970UY,8F,1,4,2,"JSOC TS Clearance Drug Test",2644,1559,4,2076
2025-09-13,NH125,"Los Angeles / Los Angeles International (LAX/KLAX)","Tokyo / Haneda (HND/RJTT)",17:09:00,20:09:00,11:00:00,"All Nippon Airways (NH/ANA)","Boeing 787-9 (B789)",JA872A,27A,1,1,1,"Japan Trip September 2025",1559,1152,64,2088
2025-09-21,NH126,"Tokyo / Haneda (HND/RJTT)","Los Angeles / Los Angeles International (LAX/KLAX)",21:26:00,14:35:00,09:09:00,"All Nippon Airways (NH/ANA)","Boeing 787-9 (B789)",JA877A,32A,1,1,1,"2025 September Japan Trip",1152,1559,64,2088
2025-10-15,UA1870,"San Francisco / San Francisco International (SFO/KSFO)","Washington / Dulles (IAD/KIAD)",22:40:00,06:35:00,04:55:00,"United Airlines (UA/UAL)","Boeing 757-300 (B753)",N57852,16F,1,1,2,Induction,2644,1202,808,242
2025-10-16,UA1348,"Washington / Dulles (IAD/KIAD)","Raleigh-Durham / Durham (RDU/KRDU)",08:19:00,09:31:00,01:12:00,"United Airlines (UA/UAL)","Boeing 737 MAX 8 (B38M)",N47288,7A,1,4,2,Induction,1202,2495,808,2123
2025-10-17,MX855,"Raleigh-Durham / Durham (RDU/KRDU)","Orlando / Orlando (MCO/KMCO)",21:34:00,22:53:00,01:19:00,"Breeze Airways (MX/MXY)","Bombardier CS300 (BCS3)",N240BZ,6D,3,4,2,"Induction -> VTOL Hack",2495,1768,2912,2113
2025-10-20,F92616,"Orlando / Orlando (MCO/KMCO)","New York / La Guardia (LGA/KLGA)",09:47:00,11:56:00,02:09:00,"Frontier Airlines (F9/FFT)","Airbus A321-200 (A321)",N711FR,8A,1,1,2,"Induction -> VTOL Hack",1768,1605,302,2076
2025-10-25,UA538,"Newark / Liberty International (EWR/KEWR)","San Francisco / San Francisco International (SFO/KSFO)",14:52:00,17:43:00,04:51:00,"United Airlines (UA/UAL)","Boeing 787-9 (B789)",N24979,22D,3,4,2,"Return from Induction + VTOL Hack",851,2644,808,2088
2025-10-30,AA1595,"San Francisco / San Francisco International (SFO/KSFO)","Charlotte / Douglas (CLT/KCLT)",23:55:00,07:06:00,04:11:00,"American Airlines (AA/AAL)","Airbus A321-200 (A321)",N586UW,16F,1,1,2,"VTOL @ VA Beach",2644,575,4,2076
2025-10-31,AA5607,"Charlotte / Douglas (CLT/KCLT)","Norfolk / Norfolk (ORF/KORF)",09:31:00,10:16:00,00:45:00,"PSA Airlines (OH/JIA)","Bombardier CRJ-900 (CRJ9)",N582NN,2D,3,3,2,"VTOL @ VA Beach",575,2207,1237,531
2025-11-05,UA2062,"Norfolk / Norfolk (ORF/KORF)","Newark / Liberty International (EWR/KEWR)",05:51:00,07:12:00,01:21:00,"United Airlines (UA/UAL)","Boeing 737 MAX 8 (B38M)",N27277,1A,1,3,2,"VTOL Work NAS Oceana",2207,851,808,2123
2025-11-05,UA1777,"Newark / Liberty International (EWR/KEWR)","San Francisco / San Francisco International (SFO/KSFO)",08:47:00,12:12:00,06:25:00,"United Airlines (UA/UAL)","Boeing 777-300ER (B77W)",N2135U,40A,1,1,2,"VTOL Work @ NAS Oceana",851,2644,808,2023
2025-11-22,WN1333,"San Jose / San Jose (SJC/KSJC)","Los Angeles / Los Angeles International (LAX/KLAX)",20:54:00,21:45:00,00:51:00,"Southwest Airlines (WN/SWA)","Boeing 737-700 (B737)",N454WN,5F,1,1,1,"Thanksgiving 2025",2680,1559,736,230
2025-11-23,OZ203,"Los Angeles / Los Angeles International (LAX/KLAX)","Seoul / Incheon (ICN/RKSI)",23:52:00,05:40:00,12:48:00,"Asiana Airlines (OZ/AAR)","Airbus A380-800 (A388)",HL7635,73K,1,1,1,"Thanksgiving 2025",1559,3602,5,39
2025-11-25,OZ106,"Seoul / Incheon (ICN/RKSI)","Tokyo / Narita (NRT/RJAA)",15:47:00,17:36:00,01:49:00,"Asiana Airlines (OZ/AAR)","Boeing 777-200ER (B77E)",HL7756,34K,1,1,1,"Thanksgiving 2025",3602,2105,5,2024
2025-12-02,OZ101,"Tokyo / Narita (NRT/RJAA)","Seoul / Incheon (ICN/RKSI)",13:38:00,15:53:00,02:15:00,"Asiana Airlines (OZ/AAR)","Airbus A350-900 (A359)",HL8522,31K,1,1,1,"Thanksgiving 2025",2105,3602,5,2110
2025-12-02,OZ204,"Seoul / Incheon (ICN/RKSI)","Los Angeles / Los Angeles International (LAX/KLAX)",21:05:00,14:23:00,10:18:00,"Asiana Airlines (OZ/AAR)","Airbus A380-800 (A388)",HL7626,71A,1,1,1,"Thanksgiving 2025",3602,1559,5,39
2025-12-02,UA2624,"Los Angeles / Los Angeles International (LAX/KLAX)","San Francisco / San Francisco International (SFO/KSFO)",17:15:00,18:31:00,01:27:00,"United Airlines (UA/UAL)","Airbus A319-100 (A319)",N822UA,22B,2,1,1,"Thanksgiving 2025",1559,2644,808,2073
2025-12-10,UA1430,"San Francisco / San Francisco International (SFO/KSFO)","Denver / Denver (DEN/KDEN)",16:16:00,19:43:00,02:27:00,"United Airlines (UA/UAL)","Airbus A321neo (A21N)",N14553,8F,1,4,1,"Colorado Ski Trip 2025",2644,691,808,2128
2025-12-16,UA598,"Denver / Denver (DEN/KDEN)","New York / La Guardia (LGA/KLGA)",11:34:00,17:10:00,03:36:00,"United Airlines (UA/UAL)","Boeing 737 MAX 8 (B38M)",N47280,7A,1,4,1,"Colorado Skiing 2025",691,1605,808,2123
2026-01-03,UA1777,"Newark / Liberty International (EWR/KEWR)","San Francisco / San Francisco International (SFO/KSFO)",09:09:00,12:38:00,06:29:00,"United Airlines (UA/UAL)","Boeing 777-200ER (B77E)",N227UA,41A,1,1,1,"NASA JPL 2026",851,2644,808,2024
2026-02-05,AA662,"Los Angeles / Los Angeles International (LAX/KLAX)","San Jose / San Jose (SJC/KSJC)",10:04:00,10:50:00,00:46:00,"American Airlines (AA/AAL)","Airbus A321-200 (A321)",N537UW,12A,1,4,2,"NCAS 2026",1559,2680,4,2076
